ID;NOM;STATUT;ROR;SIREN;FINESS;SiteWeb
I0002;ABBVIE;Industrie;;750775660;;
I0003;AEPEI (ASSOCIATION POUR L'ETUDE ET LA PREVENTION DES L'ENDOCARDITE INFECTIEUSE);Privé à but non lucratif;;428445696;;
I0004;AG2R AGIRC-ARRCO (UGRR);Industrie;;775682917;;
I0018;AGIR POUR LES MALADIES CHRONIQUES;Privé à but non lucratif;;804964849;;
I0019;AGRICA PREVOYANCE SERVICES;Industrie;;891815466;;
I0020;AHREK ASS HAUTEVI RECHERCHE ETUDE KINESI;Privé à but non lucratif;;443990387;;
I0021;AIRBUS;Industrie;;383474814;310036918;
I0022;ALLERGAN INDUSTRIE;Industrie;;344097902;;
I0023;ALTANA PHARMA AG;Industrie;;422716779;;
I0024;AMGEN;Industrie;;377998679;;
I0025;APF FRANCE HANDICAP (APF);Privé à but non lucratif;;775688732;270031008;
I0027;ARCELOR LUXEMBOURG;Industrie;;775751456;;
I0028;AREM CAR;Privé à but non lucratif;;785698788;;
I0036;ASS DES PATIENTS SOUFFRANTS DU SYNDROME DE L INTESTIN IRRITABLE (APSSII);Privé à but non lucratif;;533148680;;
I0037;ASS FRANCAISE CONTRE LES MYOPATHIES (AFM);Privé à but non lucratif;;775609571;2B0007108;
I0038;ASS FRANCAISE POUR L ETUDE DU FOIE (AFEF);Privé à but non lucratif;;434951596;;
I0039;ASS HISTIOCYTOSE FRANCE;Privé à but non lucratif;;432443620;;
I0040;ASS OBSERVATOIRE DE LA VIE ETUDIANTE;Privé à but non lucratif;;432952950;;
I0041;ASS POUR LE DEVELOPPEMENT D'HBSC;Privé à but non lucratif;;484004502;;
I0042;ASS RECHERCHE EPIDEMIOLOGIQUE REGISTRES (ARER68);Privé à but non lucratif;;352113096;;
I0043;ASS REGISTRE CANCERS DEP MANCHE (ARKM);Privé à but non lucratif;;398424770;;
I0046;ASSO SOCIETE FRANCAISE DE NEPHROLOGIE;Privé à but non lucratif;;352216220;;
I0047;ASSOC FRANCE PARKINSON;Privé à but non lucratif;;332111541;;
I0048;ASSOC VAINCRE LES MALADIES LYSOSOMALES (VML);Privé à but non lucratif;;384719209;;
I0049;ASSOCIATION CRYOSTEM;Privé à but non lucratif;;813575081;;
I0050;ASSOCIATION DE NEUROANESTHESIE-REANIMATION DE LANGUE FRANCAISE ANARLF;Privé à but non lucratif;;923239784;;
I0051;ASSOCIATION DE RECHERCHE EN NEUROLOGIE VASCULAIRE (ARNEVA);Privé à but non lucratif;;489698373;;
I0053;ASSOCIATION DES UTILISATEURS DE DOSSIERS INFORMATISES EN PEDIATRIE, OBSTETRIQUE ET GYNECOLOGIE (AUDIPOG);Privé à but non lucratif;;398708537;;
I0054;ASSOCIATION FIVNAT;Privé à but non lucratif;;395163454;;
I0055;ASSOCIATION FRANCAISE DES DIABETIQUES (A F D);Privé à but non lucratif;;504783499;;
I0056;ASSOCIATION FRANCAISE POUR LA RECHERCHE THERMALE (AFRETH);Privé à but non lucratif;;489004309;;
I0058;ASSOCIATION LAURETTE FUGAIN;Privé à but non lucratif;;450599691;;
I0059;ASSOCIATION NATIONALE DE PREVENTION EN ALCOOLOGIE ET ADDICTOLOGIE (ANPAA);Privé à but non lucratif;;775660087;250007739;
I0061;ASSOCIATION POUR LA RECHERCHE EPIDEMIOLOGIQUE DANS LES CANCERS DE L'ENFANT ET DE L'ADOLESCENT (ARECEA);Privé à but non lucratif;;392242822;;
I0062;ASSOCIATION SANTE ENVIRONNEMENT FRANCE;Privé à but non lucratif;;507905834;;
I0063;ASSOCIATION SUICIDE ET MAL ETRE CHEZ L'ADOLESCENT (ASMA);Privé à but non lucratif;;443512355;;
I0065;AUTORITE DE CONTROLE DES NUISANCES AEROPORTUAIRES (ACNUSA);Public (France);;110000189;;
I0067;BAXTER S.A.S;Industrie;;304317357;;
I0068;BAYER SAS;Industrie;;562038893;690053954;
I0069;BECTON DICKINSON FRANCE;Industrie;;56501711;380027615;
I0072;BOEHRINGER INGELHEIM INTERNATIONAL GMBH;Industrie;;508241882;;
I0073;BOIRON;Industrie;;967504697;;
I0074;BPIFRANCE;Public (France);;483790069;;
I0076;BUS 31 32;Privé à but non lucratif;;490478062;130023229;
I0077;CADASIL FRANCE;Privé à but non lucratif;;438378796;;
I0078;CAISSE CENTRALE DE MUTUALITE SOCIALE AGRICOLE (CCMSA);Public (France);;302990445;;
I0079;CAISSE D ALLOCATIONS FAMILIALES DE LA HAUTE-GARONNE (CAF 31);Public (France);;776950446;;
I0080;CAISSE GENERALE DE SECURITE SOCIALE (CGSS);Public (France);;314572025;970115531;
I0082;CAISSE NATIONALE DE RETRAITES DES AGENTS DES COLLECTIVITES LOCALES (CNRACL);Public (France);;180035040;;
I0086;CAISSE PRIMAIRE ASSURANCE MALADIE PARIS (CPAMP);Public (France);;323841353;750720856;
I0087;CAISSE PRIMAIRE D ASSURANCE MALADIE DU RHONE (CPAM DU RHONE);Public (France);;517465928;690797006;
I0088;CAISSE PRIMAIRE D'ASSURANCE MALADIE DU PUY DE DOME;Public (France);;775634249;630786390;
I0089;CAISSE PRIMAIRE D'ASSURANCE MALADIE TOULOUSE;Public (France);;776950404;310792718;
I0090;CALYXIS POLE D EXPERTISE DES RISQUES (CEPR);Privé à but non lucratif;;414294991;;
I0091;CANCEROPOLE ILE-DE-FRANCE;Public (France);;130003858;;
I0092;CANCEROPOLE NORD-OUEST;Public (France);;130007362;;
I0093;CANDIA (C.SAS);Industrie;;352014955;;
I0094;CAPNET;Autre;;403710536;;
I0096;CEGEDIM SANTE (SOFILOCA) (ABREVIATION CHS);Industrie;;348940255;;
I0099;CENTRE DE RECHERCHES ET DE DEVELOPPEMENT DE TECHNIQUES ET PRODUITS ALIMENTAIRES (TEPRAL);Autre;;339610305;;
I0101;CENTRE D'ETUDES DE L'EMPLOI (CEE);Autre;;180038044;;
I0102;CENTRE ETUDE ANIMATION FORMATION (CETAF);Privé à but non lucratif;;379475205;;
I0105;CENTRE HOSPITALIER DE CAYENNE;Public (France);;269733028;970302022;
I0106;CENTRE HOSPITALIER DE MARNE-LA-VALLEE;Public (France);;267709343;;
I0140;CENTRE INVESTIGATION PREVENTIVE CLINIQUE (IPC);Privé à but non lucratif;;327657144;750825689;
I0142;CENTRE NATIONAL DE GENOTYPAGE;Public (France);;189100076;;
I0144;CENTRE NATIONAL POUR LE DEVELOPPEMENT DU SPORT (CNDS);Public (France);;130001464;;
I0145;CENTRE PROTECTION MATERNELLE INFANTILE (PMI);Public (France);;310381736;;
I0147;CERBA;Industrie;;402928766;950003806;
I0150;CHUGAI PHARMA FRANCE;Industrie;;435074422;;
I0151;CLUB FRANCOPHONE D ECHOENDOSCOPIE (ASSOCIATION);Privé à but non lucratif;;502472665;;
I0152;CLUB REFLEXION GROUPES DE GASTRO ENTEROL (CREGG);Privé à but non lucratif;;342104460;;
I0153;COGEMA;Industrie;;524517901;;
I0154;COLGATE-PALMOLIVE;Industrie;;478991649;;
I0155;COLLEGE DES UNIVERSITAIRES DE MALADIES INFECTIEUSES ET TROPICALES (CMIT);Privé à but non lucratif;;417875358;;
I0156;COLLEGE NATIONAL DES GENERALISTES ENSEIGNANTS - COLLEGE ACADEMIQUE (CNGE - COLLEGE ACADE);Privé à but non lucratif;;529534984;;
I0157;COLLEGE PNEUMOLOGUES HOPITAUX GENERAUX (CPHG);Autre;;413350554;;
I0158;COMITE DE COORDINATION DE L'EVALUATION CLINIQUE ET DE LA QUALITE EN NOUVELLE-AQUITAINE (CCECQA);Privé à but non lucratif;;409084308;;
I0159;COMITE FRANCAIS DE LUTTE CONTRE LHYPERTENTION ARTERIELLE;Privé à but non lucratif;;534321922;;
I0168;CREAI-ORS OCCITANIE (CREAI-ORS LR);Privé à but non lucratif;;775589229;;
I0170;CREDOC CENT RECH POUR ETUD OBS;Privé à but non lucratif;;784537649;;
I0171;CSL BEHRING S.A.;Industrie;;383939352;;
I0172;CTRE EUR ETUD SECURITE ANALYSES RISQUES (CEESAR);Privé à but non lucratif;;390457125;;
I0175;CTRE RECHERCHE PATHOLOGIES PROSTATIQUES (CEREPP);Privé à but non lucratif;;403512080;;
I0176;DAIICHI SANKYO FRANCE SAS (LABORATOIRES PHARMACEUTIQUES FORNET - SANKYO PHARMA FRANCE);Industrie;;382677144;;
I0177;DANONE;Industrie;;552032534;750073173;
I0178;DAT'AIDS (DAT'AIDS);Privé à but non lucratif;;501206130;;
I0189;DEPARTEMENT DU TARN;Public (France);;228100012;810102632;
I0193;ECOLE DES HAUTES ETUDES EN SCIENCES SOCIALES (EHESS);Public (France);;197537426;;
I0195;ECOLE POLYTECHNIQUE;Public (France);;199115684;;
I0196;E-HEALTH SERVICES SANOIA;Industrie;;528233190;;
I0197;EISAI SAS;Public (Europe);;403459639;;
I0199;EMEVIA (USEM);Industrie;;319579736;;
I0200;ENFANT ET SANTE;Privé à but non lucratif;;323947168;750806259;
I0201;EPIDEMIOLOGIE DES CANCERS PAYS DE LOIRE (EPIC PL);Privé à but non lucratif;;438959975;;
I0202;ERASME;Industrie;;509211363;;
I0203;ESSILOR INTERNATIONAL;Public (Europe);;439769654;;
I0210;FED NAT OBSERVATOIRE REGIONAUX SANTE (FNORS);Privé à but non lucratif;;382394278;;
I0211;FEDERATION DES ACTEURS DE LA SOLIDARITE;Privé à but non lucratif;;308401090;;
I0212;FEDERATION FRANCAISE DE CARDIOLOGIE;Privé à but non lucratif;;784453250;;
I0213;FEDERATION NATIONALE MUTUALITE FRANCAISE (FNMF);Privé à but non lucratif;;304426240;750000432;
I0214;FEDERATION PROMOTION SANTE;Privé à but non lucratif;;448841767;;
I0215;FERRING SAS;Industrie;;322624735;;
I0216;FOND DE DOTATION POUR LA RECHERCHE CLINIQUE EN ORTHOPEDIE ET PATHOLOGIE DU SPORT;Privé à but non lucratif;;790937023;;
I0218;FONDATION ARC POUR LA RECHERCHE SUR LE CANCER;Privé à but non lucratif;;752064949;;
I0219;FONDATION D ENTREPRISE CNP ASSURANCES;Privé à but non lucratif;;794697706;;
I0220;FONDATION D ENTREPRISE ORANGE;Privé à but non lucratif;;391872363;;
I0221;FONDATION DE FRANCE;Privé à but non lucratif;;784314908;;
I0222;FONDATION DE L AP HP POUR LA RECHERCHE;Privé à but non lucratif;;817850811;;
I0223;FONDATION DE RECHERCHE SUR L'HYPERTENSION ARTERIELLE (FRHTA);Privé à but non lucratif;;492037684;;
I0224;FONDATION ENTREPRISE MGEN SANTE PUBLIQUE (FSP MGEN);Privé à but non lucratif;;444268627;;
I0226;FONDATION FORCE POUR L'INNOVATION ET LA RECHERDHE EN SANTE;Privé à but non lucratif;;351982707;;
I0228;FONDATION FRANCE SCLEROSE EN PLAQUES (FONDATION FRANCE SEP);Privé à but non lucratif;;313721409;;
I0229;FONDATION GARCHES;Privé à but non lucratif;;482903747;;
I0230;FONDATION POUR LA RECHERCHE MEDICALE;Privé à but non lucratif;;784314064;;
I0231;FONDATION POUR LA RECHERCHE SUR ALZHEIMER;Privé à but non lucratif;;828743807;;
I0232;FONDATION VOIR ET ENTENDRE;Privé à but non lucratif;;498340892;;
I0233;FRANCE TELECOM;Industrie;;441965027;;
I0235;FRENCH INNOVATIVE LEUKEMIA ORGANIZATION (F.I.L.O.). (F.I.L.O.);Privé à but non lucratif;;815348263;;
I0236;FRESENIUS KABI FRANCE;Industrie;;419875786;;
I0238;GIE DES THERMES D'USSAT;Industrie;;352872261;;
I0239;GILEAD SCIENCES;Industrie;;391360971;;
I0244;GROUPE FRANCAIS DE NEURO-GASTRO-ENTEROLOGIE (GFNG);Privé à but non lucratif;;791608334;;
I0245;GROUPE FRANCAIS DE PNEUMO-CANCEROLOGIE;Privé à but non lucratif;;438343972;;
I0247;GROUPE SARCOME FRANCAIS - GROUPE D'ETUDE DES TUMEURS OSSEUSES (GSF-GETO);Privé à but non lucratif;;750388860;;
I0248;GROUPEMENT COOPERATION SANITAIRE CENTRE ETOILE;Autre;;130004492;;
I0250;GROUPEMENT REGIONAL DE SANTE PUBLIQUE D AUVERGNE;Public (France);;130002769;;
I0251;GROUPT ETUDE MALADIES METABOLIQUES SYST. (GEMMS);Privé à but non lucratif;;441699105;;
I0252;GRPE ETUDE FORM OUTILS SOLAIRES ALT TECH (GEFOSAT);Privé à but non lucratif;;316238740;;
I0253;GUERIDUNCANCER;Privé à but non lucratif;;808426266;;
I0254;HAUTE AUTORITE DE SANTE (HAS);Public (France);;110000445;;
I0256;HHORAGES-FRANCE;Privé à but non lucratif;;445220734;;
I0259;IBSA PHARMA SAS;Industrie;;341264570;;
I0260;IMS HEALTH LIMITED;Industrie;;505056390;;
I0261;INFO SARCOMES;Privé à but non lucratif;;530748169;;
I0262;INSERM TRANSFERT;Privé à but non lucratif;;434033619;;
I0263;INST INTER MED TRAV PARIS IDF (IIMTPIF);Privé à but non lucratif;;392114674;;
I0266;INSTITUT CSA;Industrie;;308293430;;
I0270;INSTITUT DE RECHERCHE EN SANTE RESPIRATOIRE DES PAYS DE LA LOIRE (IRSBPL);Privé à but non lucratif;;528816523;;
I0273;INSTITUT DE SANTE TRAVAIL NORD FRANCE (ISTNF);Privé à but non lucratif;;783708381;;
I0292;IPSEN INNOVATION;Industrie;;408342616;;
I0295;JANSSEN CILAG (JANSSEN - JOHNSON & JOHNSON - JOHNSON & JOHNSON INNOVATIVE MEDICINE);Industrie;;562033068;;
I0296;JEUDEVI - JEUNESSE DEVELOPPEMENT INTELLIGENTS;Industrie;;497968479;;
I0299;KAPPA SANTE;Industrie;;445405046;;
I0301;L.A. SANTE EPIDEMIOLOGIE EVALUATION RECH;Industrie;;450195979;;
I0302;LA DOULEUR ET LE PATIENT DOULOUREUX;Privé à but non lucratif;;793531658;;
I0303;LABORATOIRE FRANCAIS DU FRACTIONNEMENT ET DES BIOTECHNOLOGIES (LFB);Industrie;;180036147;;
I0304;LABORATOIRES BESINS INTERNATIONAL;Industrie;;572223394;;
I0305;LABORATOIRES FOURNIER SAS;Industrie;;311596670;;
I0308;LES LABORATOIRES SERVIER;Industrie;;85480796;920041324;
I0309;LES RIRES D'ANNA;Privé à but non lucratif;;924663008;;
I0310;LESIEUR;Industrie;;457208619;;
I0311;LIFESCIENCES;Industrie;;429487507;;
I0312;LIGUE FRANCAISE CONTRE L EPILEPSIE (LFCE);Privé à but non lucratif;;391270006;;
I0314;LILLY FRANCE;Industrie;;609849153;;
I0315;LN PHARMA;Industrie;;439632241;;
I0316;LUNDBECK SAS;Industrie;;552123200;;
I0317;LUPUS FRANCE;Privé à but non lucratif;;477770614;;
I0318;LUXIA SCIENTIFIC;Industrie;;790719132;;
I0320;MACIF (SA);Industrie;;781452511;;
I0321;MALADIES RARES INFO SERVICES;Privé à but non lucratif;;440803724;;
I0322;MALAKOFF HUMANIS MUTUELLE (MHM);Privé à but non lucratif;;784718256;;
I0323;MEDECINS DE MONTAGNE;Privé à but non lucratif;;400476750;;
I0326;MENARINI FRANCE;Industrie;;383537784;;
I0327;MERCK SANTE;Industrie;;572028033;;
I0328;MINISTERE DE L’AMENAGEMENT DU TERRITOIRE ET DE LA DECENTRALISATION;Public (France);;130016728;;
I0329;MINISTERE DE L’ECONOMIE, DES FINANCES ET DE LA SOUVERAINETE INDUSTRIELLE, ENERGETIQUE ET NUMERIQUE;Public (France);;110020013;;
I0332;MINISTERE DE LA CULTURE;Public (France);;110046018;;
I0333;MINISTERE DE LA JUSTICE;Public (France);;110010014;;
I0334;MINISTERE DE LA TRANSITION ECOLOGIQUE, DE LA BIODIVERSITE ET DES NEGOCIATIONS INTERNATIONALES SUR LE CLIMAT ET LA NATURE;Public (France);;110068012;;
I0336;MINISTERE DE L'AGRICULTURE, DE L'AGRO-ALIMENTAIRE ET DE LA SOUVERAINETE ALIMENTAIRE;Public (France);;110070018;;
I0337;MINISTERE DE L'EUROPE ET DES AFFAIRES ETRANGERES;Public (France);;110006012;;
I0338;MINISTERE DE L'INTERIEUR;Public (France);;110014016;;
I0339;MINISTERE DES ARMEES ET DES ANCIENS COMBATTANTS;Public (France);;110090016;750810814;
I0340;MINISTERE DES OUTRE-MER;Public (France);;110019015;;
I0341;MINISTERE DES TRANSPORTS;Public (France);;110060035;;
I0344;MINISTERES DE L’ACTION ET DES COMPTES PUBLICS;Public (France);;130019763;;
I0347;MUTUALITE SOCIALE AGRICOLE (MSA);Public (France);;302731054;;
I0348;MUTUELLE ASSURANCE INSTITUTEUR FRANCE (MAIF);Privé à but non lucratif;;775709702;;
I0349;MUTUELLE INTERIALE;Privé à but non lucratif;;775685365;;
I0350;NAITRE ET VIVRE;Privé à but non lucratif;;391377975;;
I0352;NEGMA;Industrie;;402542492;;
I0354;NOVARTIS PHARMA SAS;Industrie;;410349070;;
I0355;NOVO NORDISK;Industrie;;451356992;;
I0356;OBSERVATOIRE DE LA SANTE DE MARTINIQUE;Privé à but non lucratif;;345276646;;
I0357;OBSERVATOIRE FRANCAIS DES DROGUES ET DES TENDANCES ADDICTIVES (OFDT);Public (France);;180036105;;
I0358;OBSERVATOIRE REGIONAL DE LA SANTE (ORS PACA);Privé à but non lucratif;;330065095;;
I0359;OBSERVATOIRE REGIONAL DE LA SANTE ET DU SOCIAL DE PICARDIE (OR2S);Privé à but non lucratif;;326803194;;
I0360;OBSERVATOIRE REGIONAL DE LA SANTE NOUVELLE-AQUITAINE (ORS-NA);Privé à but non lucratif;;824186530;;
I0362;ORGANON FRANCE;Industrie;;880042775;;
I0363;OTSUKA PHARMACEUTICAL FRANCE SAS;Industrie;;453720336;;
I0365;PHYSIDIA;Industrie;;528454028;;
I0367;POLE EUROPEEN DE SANTE (PES);Privé à but non lucratif;;401461389;;
I0368;POUMON ET ENFANCE;Privé à but non lucratif;;407758499;;
I0370;PRESANSE;Autre;;439232224;;
I0371;PREVENTION DES MALADIES OSSEUSES (PMO);Autre;;390666964;;
I0373;QUEST DIAGNOSTICS LTD;Industrie;;424251874;;
I0374;REACTING;Public (France);;918197922;;
I0375;RECHERCHE EN SANTE RESPIRATOIRE (FOND DE DOTATION);Autre;;521979674;;
I0386;REGISTRE DES MALFORMATIONS EN RHONE ALPES (REMERA);Privé à but non lucratif;;494872328;;
I0388;REGISTRE DU CANCER DE L' ISERE;Privé à but non lucratif;;314023912;;
I0389;REGISTRE ELECTRONIQUE DES ARRETS CARDIAQUES (REAC);Privé à but non lucratif;;793074246;;
I0391;RESEAU DE CANCEROLOGIE D AQUITAINE (RCA);Autre;;509553368;;
I0392;ROTTAPHARM;Industrie;;379127780;;
I0393;SAMU-SOCIAL DE PARIS;Privé à but non lucratif;;187509013;750040594;
I0396;SARL PNEUMOLOGIE DEVELOPPEMENT;Autre;;410753727;;
I0397;SCOR SE;Industrie;;562033357;;
I0398;SIDACTION (ECS);Privé à but non lucratif;;398945543;;
I0399;SLA FONDATION RECHERCHE (SLAFR);Privé à but non lucratif;;831648704;;
I0400;SOCIETE DE PNEUMOLOGIE DE LANGUE FRANCAISE;Privé à but non lucratif;;310133608;;
I0404;SOCIETE FRANCAISE D'ENDOSCOPIE DIGESTIVE (SFED);Privé à but non lucratif;;318412954;;
I0405;SOCIETE FRANCAISE MEDECINE TRAVAIL (SFMT);Privé à but non lucratif;;439084229;;
I0406;SOCIETE FRANCOPHONE  DU  DIABETE;Privé à but non lucratif;;404995110;;
I0407;SOCIETE FRANCOPHONE D ETUDES ET DE RECHERCHES SUR LES HANDICAPS DE L ENFANCE (S.F.E.R.H.E);Privé à but non lucratif;;494451883;;
I0408;SOCIETE FRANCOPHONE NUTRITION CLINIQUE ET METABOLISME (SFNEP);Privé à but non lucratif;;409128337;;
I0410;SOCIETE NATIONALE FRANCAISE DE MEDECINE INTERNE (SNFMI);Privé à but non lucratif;;316607902;;
I0411;SOCIETE NATIONALE SNCF (SNCF);Industrie;;552049447;910000835;
I0413;SPECIA;Autre;;990111668;;
I0415;TAKEDA FRANCE SAS;Industrie;;785750266;;
I0416;TEREOS FRANCE;Industrie;;533247979;;
I0417;TERRITOIRE DE NOUVELLE-CALEDONIE;Autre;;229880018;;
I0418;THERADIAL;Industrie;;414350496;;
I0421;UNION DE CAISSES DE SECURITE SOCIALE INSTITUT INTER REGIONAL POUR LA SANTE (UC-IRSA);Public (France);;775593775;370011157;
I0422;UNION REGIONALE DES MEDECINS LIBERAUX;Privé à but non lucratif;;401921267;;
I0451;UNIVI;Privé à but non lucratif;;839538717;920045143;
I0453;VAIOMER;Industrie;;530022888;;
I0454;VALORIAL;Autre;;800779522;;
I0455;VIIV HEALTHCARE SAS;Industrie;;413900382;;
I0457;VITAGORA;Autre;;487507121;;
I0459;AIMSU - ASSOCIATION POUR L'INFORMATION MEDICALE EN SITUATIONS D'URGENCES;Privé à but non lucratif;;;;
I0460;ASSOCIATION ADRV PARIS;Privé à but non lucratif;;;;
I0461;ASSOCIATION AUDOISE SOCIALE ET MEDICALE ASM, LIMOUX;Privé à but non lucratif;;;;
I0462;ASSOCIATION DE RECHERCHE ET D’INFORMATION SCIENTIFIQUE EN CARDIOLOGIE;Privé à but non lucratif;;;;
I0463;ASSOCIATION FRANÇOIS AUPETIT (ASSOCIATION DE MALADES);Privé à but non lucratif;;;;
I0464;ASSOCIATION FRANCOPHONE DES GLYCOGENOSES (AFG);Privé à but non lucratif;;;;
I0465;ASSOCIATION HUTINGTON FRANCE;Privé à but non lucratif;;;;
I0466;ASSOCIATION LYONNAISE DE LOGISTIQUE POST-HOSPITALIERE (ALLP);Privé à but non lucratif;;;;
I0467;ASSOCIATION MARTINIQUAISE POUR LA RECHERCHE EPIDEMIOLOGIQUE EN CANCEROLOGIE (AMREC);Privé à but non lucratif;;;;
I0468;ASSOCIATION POUR LA PREVENTION DE LA POLLUTION ATMOSPHERIQUE;Privé à but non lucratif;;;;
I0469;ASSOCIATION POUR L'INFORMATION ET LA RECHERCHE SUR LES MALADIES RENALES GENETIQUES;Privé à but non lucratif;;;;
I0470;ASSOCIATION RECHERCHE EN EPIDEMIOLOGIE ET PREVENTION;Privé à but non lucratif;;;;
I0471;ASSOCIATION RETINA-FRANCE;Privé à but non lucratif;;;;
I0472;ASSOCIATIONS DIALYSE A DOMICILE;Privé à but non lucratif;;;;
I0473;BIOBANQUE DE PICARDIE;Privé à but non lucratif;;;;
I0474;CAISSE REGIONALE D'ASSURANCE MALADIE DE CHAMPAGNE-ARDENNE;Public (France);;;;
I0475;CANCEROPOLE PACA;Public (France);;;;
I0476;CARIPLO FOUNDATION;Privé à but non lucratif;;;;
I0477;CENTRE COLLABORATEUR DE L’ORGANISATION MONDIALE DE LA SANTE POUR LA RECHERCHE ET LA FORMATION EN SANTE MENTALE (CCOMS);Autre;;;;
I0478;CENTRE D’ETUDES ET DE DOCUMENTATION DU SUCRE (CEDUS);Autre;;;;
I0479;CENTRE DE REFERENCE DE LA MALADIE DE FABRY ET DES MALADIES HEREDITAIRES DU TISSU CONJONCTIF;Public (France);;;;
I0480;CENTRE DE REFERENCE DES AFFECTIONS CONGENITALES ET MALFORMATIVES DE L'OESOPHAGE;Public (France);;;;
I0481;CENTRE DE REFERENCE MALADIES RARES « ARTHRITES JUVENILES »;Public (France);;;;
I0482;CENTRE DES TROUBLES ANXIEUX ET DE L'HUMEUR - CTAH;Privé à but non lucratif;;;;
I0483;CENTRE NATIONAL INTERPROFESSIONNEL DE L'ECONOMIE LAITIERE (CNIEL);Autre;;;;
I0484;CH DE BASSE-TERRE;Public (France);;;;
I0485;CLUB FRANÇAIS DU PANCREAS;Privé à but non lucratif;;;;
I0486;CLUB RHUMATIQUES ET INFLAMMATION;Privé à but non lucratif;;;;
I0487;COLLEGES LYONNAIS ET STEPHANOIS DES MEDECINS GENERALISTES ENSEIGNANTS;Privé à but non lucratif;;;;
I0488;COMITE DEPARTEMENTAL DU HAUT-RHIN DE LA LIGUE CONTRE LE CANCER;Privé à but non lucratif;;;;
I0489;COMMUNAUTE URBAINE DE CREUSOT MONTCEAU-LES-MINES;Public (France);;;;
I0490;COMPAGNIA DI SAN PAOLO DI TORINO;Privé à but non lucratif;;;;
I0491;CONSEIL DEPARTEMENTAL DU HAUT-RHIN;Public (France);;;;
I0492;COREVIH PAYS DE LA LOIRE;Public (France);;;;
I0493;CPER INSTITUT DE RECHERCHE EN ENVIRONNEMENT INDUSTRIEL (IRENI);Public (France);;;;
I0494;DEFENSEUR DES DROITS;Public (France);;130015019;;
I0495;DIRECTION DE LA SANTE DE LA POLYNESIE FRANÇAISE;Public (France);;;;
I0496;DIRECTION DEPARTEMENTALE DES AFFAIRES SANITAIRES ET SOCIALES (DDAS, CAISSE PRIMAIRE D'ASSURANCE MALADIE (CPAM);Public (France);;;;
I0497;DIRECTION DES AFFAIRES SANITAIRES ET SOCIALES DE LA NOUVELLE-CALEDONIE - DASS;Public (France);;;;
I0498;DIRECTIONS REGIONALES DES AFFAIRES SANITAIRES ET SOCIALES (DRASS) AQUITAINE;Public (France);;;;
I0499;DSDS GUADELOUPE;Public (France);;;;
I0500;EDEME LANGUEDOC-ROUSSILLON;Autre;;;;
I0501;FONDATION AXA;Privé à but non lucratif;;;;
I0502;FONDATION COEURS ET ARTERES;Privé à but non lucratif;;;;
I0503;FONDATION DU LEEM;Privé à but non lucratif;;;;
I0504;FONDATION FIGHTING BLINDNESS (USA);Privé à but non lucratif;;;;
I0505;FONDATION GILBERT LAGRUE;Privé à but non lucratif;;;;
I0506;FONDATION LILY;Privé à but non lucratif;;;;
I0507;FONDATION MEDTRONIC;Privé à but non lucratif;;;;
I0508;FONDATION MOTRICE;Privé à but non lucratif;;;;
I0509;FONDATION MUTUELLE D'ASSURANCE DES INSTITUTEURS DE FRANCE (MAIF) POUR LES ACCIDENTS;Privé à but non lucratif;;;;
I0510;FONDATION PLAN ALZHEIMER;Privé à but non lucratif;;;;
I0511;FONDATION POUR LA RECHERCHE EN PSYCHIATRIE ET EN SANTE MENTALE;Privé à but non lucratif;;;;
I0512;FONDATION POUR LA RECHERCHE EN PSYCHIATRIE ET SANTE MENTALE FRPSYSM;Privé à but non lucratif;;;;
I0513;FONDATION REUNICA;Privé à but non lucratif;;;;
I0514;FONDS D'AIDE A LA QUALITE DES SOINS DE VILLE;Public (France);;;;
I0515;FONDS FRANÇAIS POUR  L’ALIMENTATION ET LA SANTE (FFAS);Public (France);;;;
I0516;FONDS NATIONAL DE PREVENTION, D’EDUCATION ET D’INFORMATION SANITAIRES (FNPEIS);Public (France);;;;
I0517;FRENCH NATIONAL COLLEGE OF GENERAL PRACTICE TEACHERS (CNGE CONSEIL);Autre;;;;
I0518;GENOPOLE LILLE LE CONTRAT DE PROJETS ETAT-REGION (CPER);Public (France);;;;
I0519;GIRCI-PACA;Public (France);;;;
I0520;GIS EVREST;Autre;;;;
I0521;GIS MALADIES RARES;Public (France);;;;
I0522;GIS-IBISA;Public (France);;;;
I0523;GRAND-OUEST POUR LES CANCERS  DE L’ENFANT (GOCE);Autre;;;;
I0524;GROUPE DE PATHOLOGIE INFECTIEUSE PEDIATRIQUE, SOCIETE FRANCAISE DE PEDIATRIE;Privé à but non lucratif;;;;
I0525;GROUPE DE PHARMACOLOGIE ET D'HEMODYNAMIQUE CARDIOVASCULAIRE;Autre;;;;
I0526;GROUPE LIPIDES ET NUTRITION;Privé à but non lucratif;;;;
I0527;IFRESIS – INSTITUT FEDERATIF DE RECHERCHE EN SCIENCES ET INGENIERIE DE LA SANTE;Public (France);;;;
I0528;IMI - INNOVATIVE MEDICINES INITIATIVE / DIRECT - DIABETES RESEARCH ON PATIENT STRATIFICATION;Public (Europe);;;;
I0529;INSTITUT CONVERGENCE MIGRATIONS;Public (France);;;;
I0530;INSTITUT DE LA LONGEVITE, DES VIEILLESSES ET DU VIEILLISSEMENT (ILVV);Public (France);;;;
I0531;INSTITUT DE RECHERCHES SCIENTIFIQUES SUR LES BOISSONS (IREB);Autre;;;;
I0532;INSTITUT FEDERATIF DE RECHERCHE EN SCIENCES ET INGENIERIE DE LA SANTE - IFRESIS;Public (France);;;;
I0533;INSTITUT PARIS REGION;Public (France);;;;
I0534;INTERFEL (INTERPROFESSION DES FRUITS ET LEGUMES);Autre;;;;
I0535;INTERNATIONAL GRANTS (IOIBD);Autre;;;;
I0537;LA LIGUE CONTRE LE CANCER (COMITE DE LA GIRONDE);Privé à but non lucratif;;;;
I0538;LIDDY SHRIVER;Privé à but non lucratif;;;;
I0539;LIGUE 13;Privé à but non lucratif;;;;
I0540;LIGUE CONTRE LE CANCER (NORD);Privé à but non lucratif;;;;
I0541;LIGUE DEPARTEMENTALE DU VAL DE MARNE;Privé à but non lucratif;;;;
I0542;MISSION INTERMINISTERIELLE DE LUTTE CONTRE LES DROGUES ET LES CONDUITES ADDICTIVES (MILDECA);Public (France);;;;
I0543;OBSERVATOIRE CNIEL DES HABITUDES ALIMENTAIRES;Privé à but non lucratif;;;;
I0544;OBSERVATOIRE DU SAMU SOCIAL;Privé à but non lucratif;;;;
I0545;OBSERVATOIRE FRANÇAIS DE L’ATRESIE DES VOIES BILIAIRES;Privé à but non lucratif;;;;
I0546;OBSERVATOIRE REGIONAL DE SANTE ÎLE-DE-FRANCE;Privé à but non lucratif;;;;
I0547;OBSERVATOIRE REGIONAL EN SANTE PUBLIQUE DE FRANCHE-COMTE  OR-SP;Public (France);;;;
I0548;ORS - OBSERVATOIRE REGIONAL DE SANTE;Privé à but non lucratif;;;;
I0549;P1VITAL;Autre;;;;
I0550;PFIZER FOUNDATION FOR CHILD AND ADOLESCENT HEALTH;Privé à but non lucratif;;;;
I0551;POLE DE RECHERCHE ET D’ENSEIGNEMENT SUPERIEUR LIMOUSIN;Public (France);;;;
I0552;PROGRAMME ENVIRONNEMENT ET SANTE;Public (France);;;;
I0553;PROGRAMME NATIONAL DE GENOMIQUE DES CANCERS;Public (France);;;;
I0554;PSPC BPI France;Autre;;;;
I0555;RESEAU DE RECHERCHE CLINIQUE ET EN SANTE DES POPULATIONS 2010;Public (France);;;;
I0556;RESEAU ONCOMIP;Autre;;;;
I0557;RESEAU POLA;Autre;;;;
I0558;SA VIE;Privé à but non lucratif;;;;
I0559;SECTEUR FRANÇAIS DES ALIMENTS DE L'ENFANCE (SFAE);Autre;;;;
I0560;SOCIETE DE MEDECINE DU TRAVAIL DE L’OUEST DE L’ILE DE FRANCE (SMTOIF);Privé à but non lucratif;;;;
I0561;SOCIETE DE PATHOLOGIE INFECTIEUSE DE LANGUE FRANÇAISE;Privé à but non lucratif;;;;
I0562;SOCIETE FRANÇAISE DE CHIRURGIE ORTHOPEDIQUE ET TRAUMATOLOGIQUE;Privé à but non lucratif;;;;
I0563;SOCIETE FRANÇAISE DE CHIRURGIE THORACIQUE ET CARDIO-VASCULAIRE;Privé à but non lucratif;;;;
I0564;SOCIETE FRANÇAISE DE MEDECINE GENERALE;Privé à but non lucratif;;;;
I0565;SOCIETE FRANÇAISE DE PEDIATRIE;Privé à but non lucratif;;;;
I0566;SOCIETE FRANÇAISE DE RADIOLOGIE;Privé à but non lucratif;;;;
I0567;SOCIETE FRANÇAISE DES INFIRMIERS DE SOINS INTENSIFS;Privé à but non lucratif;;;;
I0568;SOCIETE FRANÇAISE D'ETUDES DES MIGRAINES ET CEPHALEES;Privé à but non lucratif;;;;
I0569;SOCIETE MARCE FRANCOPHONE (SMF);Privé à but non lucratif;;;;
I0570;SOCIETE NATIONALE FRANÇAISE DE COLO-PROCTOLOGIE;Privé à but non lucratif;;;;
I0571;TFWA CARE;Privé à but non lucratif;;;;
I0573;UNION FRANÇAISE POUR LA SANTE BUCCO-DENTAIRE (UFSBD);Privé à but non lucratif;;;;
I0574;UNION NATIONALE DES SOCIETES ETUDIANTES MUTUALISTES REGIONALES (USEM);Privé à but non lucratif;;;;
I0575;URCAM AQUITAINE (FNPEIS);Public (France);;;;
I0576;URML (UNION REGIONALE DES MEDECINS LIBERAUX) DE RHONE-ALPES;Privé à but non lucratif;;;;
I0589;CLINIQUE SAINT JEAN-L'ERMITAGE;Privé à but non lucratif;;304100332;770000362;
I0590;CESAME CTRE DE SANTE MENTALE ANGEVIN;Public (France);;264900614;490000163;
I0591;CENTR ETUDE MALFORM CONGEN REGION AUVERG (CEMC AUVERGNE);Privé à but non lucratif;;419442231;;
I0594;CTRE D'ETUDES TECHNIQUES DE L'EQUIPEMENT (CETE);Public (France);;175906650;;
I0595;CENTRE HOSPITALIER D'ALBERT;Public (France);;268000031;800000036;
I0597;FONDATION EUGENE DEVIC EDMUS CONTRE LA SCLEROSE EN PLAQUES;Privé à but non lucratif;;527754154;;
I0602;GRAND HOPITAL DE L EST FRANCILIEN (GHEF);Public (France);;200063477;770021145;
I0603;CENTRE PSYCHOTHERAPIQUE DE NANCY (CPN);Public (France);;265400119;540000056;
I0604;UNION REG DES MEDECINS LIBERAUX DE GUYAN (URMLG);Privé à but non lucratif;;410232409;;
I0607;CAB GASTROENTEROLOGIE PUCHELLE CARTERET;Privé à but non lucratif;;347921793;;
I0609;FONDATION L ELAN RETROUVE;Privé à but non lucratif;;775676349;750721391;
I0613;PROTEINES GROUPE;;;;;
I0615;GIP CYCERON;Public (France);;180089187;140017120;
I0616;HOPITAL EUROPEEN MARSEILLE;Privé à but non lucratif;;422310136;;
I0618;CENTRE DE PATHOLOGIE DES DOCTEURS ISABELLE BIAL - CELINE LAMBOLAIS - ALEXANDRE NATAF - JEAN PHILIPPE MOMPART, CECILE BOR;;;315932525;;
I0619;CENTRE HOSPITALIER SUD FRANCILIEN;Public (France);;269100046;910002773;
I0620;INSTITUT NATIONAL DE LA JEUNESSE ET DE L'EDUCATION POPULAIRE (INJEP);Public (France);;130024706;;
I0621;SOC FRANCAISE DE CARDIOLOGIE;Privé à but non lucratif;;784287914;;
I0622;OBSERVATOIRE REGIONAL DE LA SANTE DE LA REUNION (ORS REUNION);Privé à but non lucratif;;393656137;;
I0623;GIP OBSERVATOIRE REGIONAL DES URGENCES (ORU) - OCCITANIE;Public (France);;130024516;;
I0624;AGENCE REGIONALE D'HOSPITALISATION (ARH);Public (France);;182500199;;
I0625;CMH;Industrie;;752853747;;
I0626;DGC;Industrie;;343214839;;
I0628;DIRMI;Industrie;;991614785;;
I0629;ASSOC REGISTRE TUMEURS HERAULT;Privé à but non lucratif;;393593678;;
I0008;AGENCE NATIONALE DE LA COHESION DES TERRITOIRES (ANCT);Public (France);;130026032;;https://agence-cohesion-territoires.gouv.fr/
I0182;DEPARTEMENT DE LA HAUTE SAVOIE;Public (France);;227400017;740790126;https://archives.hautesavoie.fr/
I0186;DEPARTEMENT DES BOUCHES DU RHONE;Public (France);;221300015;130002512;https://departement13.fr/en-actions/solidarites/sante-bien-etre/les-maisons-departementales-de-la-solidarite
I0617;DIRECTION DE LA RECHERCHE DES ETUDES DE L'EVALUATION ET DES STATISTIQUES (DREES);Public (France);;120000161;;https://drees.solidarites-sante.gouv.fr/
I0456;VILLE DE PARIS;Public (France);;217500016;750805483;https://mairie11.paris.fr/
I0163;COMMUNE DE MARSEILLE;Public (France);;211300553;130056054;https://marseille1112.fr/
I0183;DEPARTEMENT DE LA SAVOIE;Public (France);;227300019;730785763;https://patrimoines.savoie.fr/web/dsp_6165/accueil
I0184;DEPARTEMENT DE LA SEINE SAINT DENIS;Public (France);;229300082;930002001;https://seinesaintdenis.fr/
I0376;RECTORAT DE L'ACADEMIE DE NORMANDIE;Public (France);;130025810;;https://www.ac-normandie.fr/jeunesse-engagement-sports
I0377;RECTORAT DE L'ACADEMIE DE POITIERS;Public (France);;178604302;;https://www.ac-poitiers.fr/
I0378;RECTORAT DE L'ACADEMIE DE TOULOUSE;Public (France);;173104308;;https://www.ac-toulouse.fr/
I0005;AGENCE DE L ENVIRONNEMENT ET DE LA MAITRISE DE L ENERGIE (ADEME);Public (France);;385290309;;https://www.ademe.fr/
I0007;AGENCE FRANCAISE DE DEVELOPPEMENT (AFD);Public (France);;775665599;;https://www.afd.fr/fr
I0014;AGENCE NATIONALE POUR LA FORMATION PROFESSIONNELLE DES ADULTES (AFPA);Public (France);;824228142;930028550;https://www.afpa.fr
I0013;AGENCE NATIONALE POUR L AMELIORATION DES CONDITIONS DE TRAVAIL (ANACT);Public (France);;180037012;;https://www.anact.fr/
I0188;DEPARTEMENT DU GERS;Public (France);;223200015;320782881;https://www.archives32.fr/
I0614;AGENCE TECHNIQUE DE L'INFORMATION SUR L'HOSPITALISATION;Public (France);;180092298;;https://www.atih.sante.fr/
I0015;AGENCE REGIONALE DE SANTE AUVERGNE-RHONE-ALPES (ARS);Public (France);;130008071;;https://www.auvergne-rhone-alpes.ars.sante.fr
I0379;REGION AUVERGNE RHONE ALPES;Public (France);;200053767;;https://www.auvergnerhonealpes.fr/
I0030;ARS BRETAGNE;Public (France);;130007966;;https://www.bretagne.ars.sante.fr
I0084;CAISSE NATIONALE DES ALLOCATIONS FAMILIALES (CNAF);Public (France);;180035065;;https://www.caf.fr
I0161;COMMUNE DE CASTERA VERDUZAN;Public (France);;213200835;;https://www.castera-verduzan.com/
I0085;CAISSE NATIONALE MILITAIRE DE SECURITE SOCIALE (CNMSS);Public (France);;180090045;;https://www.cnmss.fr/
I0083;CAISSE NATIONALE DE SOLIDARITE POUR L'AUTONOMIE (CNSA);Public (France);;180092561;750068710;https://www.cnsa.fr/contacter-la-cnsa
I0162;COMMUNE DE COLMAR;Public (France);;216800664;;https://www.colmar.fr/
I0185;DEPARTEMENT DES ALPES MARITIMES;Public (France);;220600019;060002003;https://www.departement06.fr/
I0190;DIRECTION GENERALE DE LA PREVENTION DES RISQUES (DGPR);Public (France);;120068051;;https://www.ecologie.gouv.fr/
I0234;FRANCE TRAVAIL;Public (France);;130005481;;https://www.francetravail.fr
I0181;DEPARTEMENT DE LA GIRONDE;Public (France);;223300013;330002007;https://www.gironde.fr/enfance-et-famille/trouvez-la-maison-du-departement-des-solidarites-la-plus-proche-de-chez-vous
I0601;AGENCE REGIONALE DE SANTE GRAND EST (ARS);Public (France);;130007834;;https://www.grand-est.ars.sante.fr
I0380;REGION GRAND EST;Public (France);;200052264;;https://www.grandest.fr/
I0017;AGENCE REGIONALE SANTE DE GUYANE (ARS);Public (France);;130007859;;https://www.guyane.ars.sante.fr
I0016;AGENCE REGIONALE DE SANTE HAUTS-DE-FRANCE (ARS);Public (France);;130007974;;https://www.hauts-de-france.ars.sante.fr
I0381;REGION HAUTS-DE-FRANCE;Public (France);;200053742;;https://www.hautsdefrance.fr/
I0187;DEPARTEMENT DES HAUTS-DE-SEINE;Public (France);;229200506;920002003;https://www.hauts-de-seine.fr/
I0031;ARS ILE-DE-FRANCE;Public (France);;130008014;;https://www.iledefrance.ars.sante.fr
I0382;REGION ILE DE FRANCE;Public (France);;237500079;750000689;https://www.iledefrance.fr/
I0179;DELEGATION INTERMINISTERIELLE POUR L'HEBERGEMENT ET L'ACCES AU LOGEMENT DES PERSONNES SANS ABRI OU MAL LOGEES (DIHAL);Public (France);;130014814;;https://www.info.gouv.fr/organisation/delegation-interministerielle-a-l-hebergement-et-a-l-acces-au-logement
I0180;DEPARTEMENT DE L ISERE;Public (France);;223800012;380002006;https://www.isere.fr/
I0384;REGION OCCITANIE;Public (France);;200053791;;https://www.laregion.fr/
I0165;COMMUNE DE SAINT LARY SOULAN;Public (France);;216503888;650006646;https://www.mairie-saint-lary.fr/
I0385;REGION PACA;Public (France);;231300021;;https://www.maregionsud.fr/
I0164;COMMUNE DE MULHOUSE;Public (France);;216802249;680010600;https://www.mulhouse.fr/
I0032;ARS NOUVELLE AQUITAINE;Public (France);;130007867;;https://www.nouvelle-aquitaine.ars.sante.fr
I0383;REGION NOUVELLE AQUITAINE;Public (France);;200053759;;https://www.nouvelle-aquitaine.fr/
I0033;ARS OCCITANIE;Public (France);;130008048;660007428;https://www.occitanie.ars.sante.fr
I0612;COMMUNE D'ORLEANS;Public (France);;214502346;;https://www.orleans.fr/
I0034;ARS PACA;Public (France);;130007982;;https://www.paca.ars.sante.fr/
I0035;ARS PAYS DE LA LOIRE;Public (France);;130008006;;https://www.pays-de-la-loire.ars.sante.fr
I0369;PREFECTURE DE POLICE DE PARIS;Public (France);;177501517;750075954;https://www.prefecturedepolice.interieur.gouv.fr/
I0610;ASS CLINIQUE THERAP INFANT VAL DE MARNE (ACTIV);Privé à but non lucratif;https://ror.org/03t4ktv29;380061887;;http://activ-france.com/index_en.php
I0627;DIRECTION GÉNÉRALE DE LA SANTÉ ET DE LA SÉCURITÉ ALIMENTAIRE (SANTE);Public (Europe);https://ror.org/0399w1j22;;;http://ec.europa.eu/dgs/health_food-safety/index_en.htm
I0205;EUROPEAN CENTRE FOR DISEASE PREVENTION AND CONTROL;Public (Europe);https://ror.org/00s9v1h75;;;http://ecdc.europa.eu/en/Pages/home.aspx
I0284;INSTITUT NATIONAL DU CANCER (INCA);Public (France);https://ror.org/03m8vkq32;187512777;;http://en.e-cancer.fr/
I0599;FONDATION HOPITAL SAINT JOSEPH;Privé à but non lucratif;https://ror.org/046bx1082;775682990;750150120;http://en.hpsj.fr/
I0394;SANOFI (FRANCE);Industrie;https://ror.org/02n6c9837;395030844;;http://en.sanofi.com/
I0265;INSTITUT CLAUDIUS REGAUD;Privé à but non lucratif;https://ror.org/03pa87f90;;;http://eng.claudiusregaud.fr/
I0044;ASSISTANCE PUBLIQUE HOPITAUX DE MARSEILLE (AP-HM);Public (France);https://ror.org/002cp4060;261300081;130786049;http://fr.ap-hm.fr/presentation-ap-hm-anglais
I0242;GLAXOSMITHKLINE (FRANCE);Industrie;https://ror.org/00z1h3j87;592052146;;http://fr.gsk.com/
I0277;INSTITUT MEDICO-CHIRURGICAL MONTSOURIS;Privé à but non lucratif;https://ror.org/00bea5h57;992985036;750078115;http://imm.fr/
I0280;INSTITUT NATIONAL DE PREVENTION ET D’EDUCATION POUR LA SANTE (INPES);Public (France);https://ror.org/00fzq0880;;;http://inpes.santepubliquefrance.fr/
I0279;INSTITUT NATIONAL DE LA STATISTIQUE ET DES ETUDES ECONOMIQUES (INSEE);Public (France);https://ror.org/03v6yxf25;120027016;;http://insee.fr/
I0351;NATIONAL INSTITUTES OF HEALTH (NIH);Autre;https://ror.org/05h1kgg64;;;http://nih.org.pk/
I0403;SOCIETE FRANÇAISE DE RHUMATOLOGIE;Privé à but non lucratif;https://ror.org/04g47ec58;;;http://sfr.larhumatologie.fr/
I0414;STALLERGENES GREER (FRANCE);Industrie;https://ror.org/00bbe8x87;808540371;920030566;http://stallergenesgreer.com/
I0342;MINISTERE DU TRAVAIL ET DES SOLIDARITES;Public (France);https://ror.org/018k53h31;110000072;;http://travail-emploi.gouv.fr/
I0006;AGENCE DE LA BIOMEDECINE;Public (France);https://ror.org/03tajza86;180092587;;http://www.agence-biomedecine.fr/
I0060;ASSOCIATION NATIONALE DES HEPATO-GASTROENTEROLOGUES DES HOPITAUX GENERAUX DE FRANCE;Privé à but non lucratif;https://ror.org/0269vww35;;;http://www.angh.org/fra/accueil.php
I0010;AGENCE NATIONALE DE RECHERCHES SUR LE SIDA ET LES HEPATITES VIRALES (ANRS MIE);Public (France);https://ror.org/01kv58h76;180089385;;http://www.anrs.fr/
I0045;ASSISTANCE PUBLIQUE HOPITAUX DE PARIS (AP-HP);Public (France);https://ror.org/00pg5jh14;267500452;750712184;http://www.aphp.fr/
I0026;ARBOR RESEARCH COLLABORATIVE FOR HEALTH;Autre;https://ror.org/043qmbk61;;;http://www.arborresearch.org/
I0264;INSTITUT BERGONIE;Privé à but non lucratif;https://ror.org/02yw1f353;781831714;330781329;http://www.bergonie.org/en/
I0071;BIOMERIEUX;Industrie;https://ror.org/03hf69k85;479090979;;http://www.biomerieux.com/en/
I0075;BRISTOL MYERS SQUIBB PHARMA FRANCE S.A;Industrie;https://ror.org/013b57229;380059956;;http://www.bmsfrance.fr/Pages/Home.aspx
I0095;CATALENT PHARMA SOLUTIONS, LLC;Industrie;https://ror.org/04brn0b16;981349574;;http://www.catalent.com
I0141;CENTRE LEON BERARD;Privé à but non lucratif;https://ror.org/01cmnjq37;779924133;690783220;http://www.centreleonberard.fr/
I0598;CENTRE ETUDES POLYMORPHISME HUMAIN (CEPH);Privé à but non lucratif;https://ror.org/01rje3r53;333466407;;http://www.cephb.fr/
I0097;CENTR GEORGES FRANCOIS LECLERC;Privé à but non lucratif;https://ror.org/00pjqzf38;778204271;210780417;http://www.cgfl.fr/
I0166;CONFEDERATION GENERALE DU TRAVAIL (CGT);Autre;https://ror.org/02z89wd67;775678451;;http://www.cgt.fr/
I0139;CENTRE HOSPITALIER VICTOR DUPOUY;Public (France);https://ror.org/04gw05r18;269501631;950110015;http://www.ch-argenteuil.fr/
I0114;CENTRE HOSPITALIER PUBLIC DU COTENTIN;Public (France);https://ror.org/04fev8a92;200002970;500000013;http://www.ch-cotentin.fr/
I0104;CENTRE HOSPITALIER CHARLES PERRENS;Public (France);https://ror.org/04q33ey84;263305849;330781287;http://www.ch-perrens.fr/
I0103;CENTRE HOSPITAL REGION METZ THIONVILLE;Public (France);https://ror.org/02d741577;265702803;570005165;http://www.chr-metz-thionville.fr/
I0107;CENTRE HOSPITALIER DE ROUBAIX;Public (France);https://ror.org/0014n6t23;265906727;590782421;http://www.ch-roubaix.fr/
I0126;CENTRE HOSPITALIER UNIVERSITAIRE DE LA REUNION;Public (France);https://ror.org/004dan487;200030013;970408589;http://www.chr-reunion.fr/
I0307;LES HOPITAUX UNIVERSITAIRES DE STRASBOURG (HUS);Public (France);https://ror.org/04bckew43;266700574;670780055;http://www.chru-strasbourg.fr/
I0117;CENTRE HOSPITALIER SAINTE ANNE PARIS;Public (France);https://ror.org/02kxjxy06;267500643;750140014;http://www.ch-sainte-anne.fr/
I0108;CENTRE HOSPITALIER DE TOURCOING;Public (France);https://ror.org/02carhc19;265907006;590781902;http://www.ch-tourcoing.fr/
I0118;CENTRE HOSPITALIER UNIVERSITAIRE AMIENS-PICARDIE;Public (France);https://ror.org/010567a58;268000148;800000044;http://www.chu-amiens.fr/
I0149;CHU BESANCON (CHU);Public (France);https://ror.org/0084te143;262501760;250000015;http://www.chu-besancon.fr
I0120;CENTRE HOSPITALIER UNIVERSITAIRE DE BORDEAUX;Public (France);https://ror.org/01hq89f96;263305823;330781196;http://www.chu-bordeaux.fr/
I0121;CENTRE HOSPITALIER UNIVERSITAIRE DE CAEN NORMANDIE (CHU);Public (France);https://ror.org/027arzy69;261400931;140000100;http://www.chu-caen.fr/
I0124;CENTRE HOSPITALIER UNIVERSITAIRE DE GRENOBLE;Public (France);https://ror.org/041rhpw39;263800302;380780080;http://www.chu-grenoble.fr/
I0109;CENTRE HOSPITALIER ET UNIVERSITAIRE DE LIMOGES (CHU);Public (France);https://ror.org/01tc2d264;268708518;870000015;http://www.chu-limoges.fr/
I0125;CENTRE HOSPITALIER UNIVERSITAIRE DE LA MARTINIQUE;Public (France);https://ror.org/0376kfa34;200034528;970211207;http://www.chu-martinique.fr/
I0128;CENTRE HOSPITALIER UNIVERSITAIRE DE MONTPELLIER (CHU);Public (France);https://ror.org/00mthsf17;263400160;340780477;http://www.chu-montpellier.fr/
I0129;CENTRE HOSPITALIER UNIVERSITAIRE DE NANTES;Public (France);https://ror.org/05c1qsg97;264400136;440000289;http://www.chu-nantes.fr/
I0130;CENTRE HOSPITALIER UNIVERSITAIRE DE NICE;Public (France);https://ror.org/05qsjq305;260600705;060785011;http://www.chu-nice.fr/
I0131;CENTRE HOSPITALIER UNIVERSITAIRE DE NIMES (CHU);Public (France);https://ror.org/0275ye937;263000036;300780038;http://www.chu-nimes.fr/
I0132;CENTRE HOSPITALIER UNIVERSITAIRE DE POITIERS;Public (France);https://ror.org/029s6hd13;200055358;860014208;http://www.chu-poitiers.fr/
I0133;CENTRE HOSPITALIER UNIVERSITAIRE DE RENNES;Public (France);https://ror.org/05qec5a53;;;http://www.chu-rennes.fr/sections
I0134;CENTRE HOSPITALIER UNIVERSITAIRE DE SAINT-ETIENNE;Public (France);https://ror.org/04pn6vp43;264200304;420784878;http://www.chu-st-etienne.fr/
I0135;CENTRE HOSPITALIER UNIVERSITAIRE DE TOULOUSE (CHUT);Public (France);https://ror.org/017h5q109;263100125;310781406;http://www.chu-toulouse.fr/
I0592;CENTRE HOSPITALIER DE VERSAILLES;Public (France);https://ror.org/053evvt91;267802718;780110078;http://www.ch-versailles.fr/
I0167;CONSERVATOIRE NATIONAL DES ARTS ET METIERS (CNAM);Public (France);https://ror.org/0175hh227;197534712;;http://www.cnam.fr/
I0169;CREATIV-CEUTICAL FRANCE;Industrie;https://ror.org/02v6jgb22;508322203;;http://www.creativ-ceutical.com/
I0330;MINISTERE DE L’EDUCATION NATIONALE;Public (France);https://ror.org/04xp49e10;110043015;;http://www.education.gouv.fr/
I0207;EUROPEAN FOOD SAFETY AUTHORITY;;https://ror.org/056nc1c48;;;http://www.efsa.europa.eu/
I0208;EXPANSCIENCE;Industrie;https://ror.org/03ke2qx45;317586808;;http://www.expanscience.com/
I0217;FONDATION A DE ROTHSCHILD;Privé à but non lucratif;https://ror.org/02yfw7119;784778029;750150229;http://www.fondation-de-rothschild.fr/
I0227;FONDATION FRANCAISE POUR LA RECHERCHE SUR L'EPILEPSIE (FFRE);Privé à but non lucratif;https://ror.org/05ngdrj30;385013776;;http://www.fondation-epilepsie.fr/
I0246;GROUPE HOSPITALIER DE LA REGION DE MULHOUSE ET SUD ALSACE (GHRMSA);Public (France);https://ror.org/054jcxz87;200046985;680020336;http://www.ghrmsa.fr/
I0275;INSTITUT GUSTAVE ROUSSY (IGR);Privé à but non lucratif;https://ror.org/0321g0743;775741101;940160013;http://www.gustaveroussy.fr/en
I0300;KRAFT HEINZ (UNITED KINGDOM);Industrie;https://ror.org/00nngxj80;;;http://www.heinz.co.uk/
I0255;HELSINN (SWITZERLAND);Industrie;https://ror.org/01kdzkq48;;;http://www.helsinn.com/
I0600;CENTRE MEDICAL PORTE VERTE CMPV;Privé à but non lucratif;https://ror.org/059qzhk26;313905424;780808614;http://www.hopitalporteverte.com/
I0450;UNIVERSITY HOSPITAL OF GENEVA;Autre;https://ror.org/01m1pv723;;;http://www.hug-ge.ch/
I0577;GCS INSTITUT DE CANCEROLOGIE STRASBOURG EUROPE (GCS ICANS);Privé à but non lucratif;https://ror.org/008fdbn61;794139246;670016914;http://www.icans.eu/
I0267;INSTITUT CURIE;Privé à but non lucratif;https://ror.org/04t0gwh46;784257164;750813321;http://www.institut-curie.org/
I0286;INSTITUT NECKER;Public (France);https://ror.org/000nhq538;383056165;;http://www.institut-necker-enfants-malades.fr/
I0241;GIS-INSTITUT POUR LA RECHERCHE EN SANTE PUBLIQUE (IRESP);Public (France);https://ror.org/05fw72335;;;http://www.iresp.net/
I0293;ISTITUTO SUPERIORE DI SANITA;Autre;https://ror.org/02hssy432;;;http://www.iss.it/chis/?lang=2
I0306;LABORATOIRES LEO (LEO PHARMA);Industrie;https://ror.org/02wvemr05;572208122;;http://www.leo-pharma.com/
I0325;MEDTRONIC FRANCE;Industrie;https://ror.org/03eraeg88;722008232;;http://www.medtronic.com/fr-fr/index.html?cmpid=mdt_fr_orcle_home_f52_plc_home&utm_source=mdt_fr_orcle_home&utm_medium=f5_redirect&utm_campaign=PLC_Launch_2015
I0346;MSD FRANCE;Industrie;https://ror.org/00kt5kp12;417890589;;http://www.msd-france.com/Pages/home.aspx
I0324;MEDECINS SANS FRONTIERES (MSF);Privé à but non lucratif;https://ror.org/0506t0t42;378552038;;http://www.msf.fr/
I0353;NESTLE FRANCE (LABORATOIRES GUIGOZ) (MNF);Industrie;https://ror.org/05m1qxf57;542014428;;http://www.nestle.fr/
I0361;ORANGE;Industrie;https://ror.org/035j0tq82;380129866;920041712;http://www.orange.com/en/home
I0288;INSTITUT PASTEUR DE LILLE;Privé à but non lucratif;https://ror.org/05k9skc85;783696834;590001517;http://www.pasteur-lille.fr/
I0364;PFIZER (FRANCE);Industrie;https://ror.org/02c9yny10;433623550;;http://www.pfizer.fr/
I0366;PIERRE FABRE (FRANCE);Industrie;https://ror.org/04hdhz511;;;http://www.pierre-fabre.com/en
I0402;SOCIETE FRANÇAISE DE MEDECINE VASCULAIRE;Privé à but non lucratif;https://ror.org/01jatd098;;;http://www.portailvasculaire.fr/espace-sfmv/accueil
I0372;PSA PEUGEOT CITROEN (FRANCE);Industrie;https://ror.org/04zgvy449;;;http://www.psa-peugeot-citroen.com/en
I0209;F. HOFFMANN-LA ROCHE AG;Industrie;https://ror.org/01mqmer16;775752140;;http://www.roche.com/
I0294;ITALIAN MINISTRY OF HEALTH;Autre;https://ror.org/00789fa95;;;http://www.salute.gov.it/
I0395;SANTE PUBLIQUE FRANCE;Public (France);https://ror.org/00dfw9p58;130022338;;http://www.santepubliquefrance.fr/
I0401;SOCIETE FRANÇAISE DE DERMATOLOGIE ET DE PATHOLOGIE SEXUELLEMENT TRANSMISSIBLE;Privé à but non lucratif;https://ror.org/03gck1m55;;;http://www.sfdermato.org/
I0409;SOCIETE NATIONALE FRANÇAISE DE GASTRO-ENTEROLOGIE;Privé à but non lucratif;https://ror.org/04c6sc363;;;http://www.snfge.org/
I0335;MINISTERE DE LA VILLE, DE LA JEUNESSE ET DES SPORTS;Public (France);https://ror.org/04sxgk411;;;http://www.sports.gouv.fr/spip.php?page=sg-english&id_syndic=0
I0419;UCB PHARMA (FRANCE);Industrie;https://ror.org/01n6t9x28;562079046;;http://www.ucb-france.fr/
I0605;UNIVERSITY COLLEGE LONDON;Autre;https://ror.org/02jx3x895;919189316;;http://www.ucl.ac.uk/
I0420;UNICANCER GROUP;Privé à but non lucratif;https://ror.org/04vhgtv41;;;http://www.unicancer.fr/en
I0425;UNIVERSITE D'AIX MARSEILLE;Public (France);https://ror.org/035xkbk20;130015332;130044852;http://www.univ-amu.fr/
I0448;UNIVERSITE PARIS-SACLAY;Public (France);https://ror.org/03xjwb503;130026024;;http://www.universite-paris-saclay.fr/fr
I0585;UNIVERSITE LUMIERE LYON 2;Public (France);https://ror.org/03rth4p18;196917751;690044375;http://www.univ-lyon2.fr/
I0443;UNIVERSITE LYON 3 JEAN MOULIN;Public (France);https://ror.org/05b5c0584;196924377;690044383;http://www.univ-lyon3.fr/en/
I0578;NANTES UNIVERSITE;Public (France);https://ror.org/03gnr7b55;130029747;440042810;http://www.univ-nantes.fr
I0433;UNIVERSITE DE POITIERS;Public (France);https://ror.org/04xhy8q59;198608564;860006345;http://www.univ-poitiers.fr/
I0428;UNIVERSITE DE LA REUNION;Public (France);https://ror.org/005ypkf75;199744780;970463626;http://www.univ-reunion.fr/university-of-reunion-island/
I0452;VAINCRE LA MUCOVISCIDOSE (AFLM);Privé à but non lucratif;https://ror.org/00gp9bw49;784287583;;http://www.vaincrelamuco.org/
I0009;AGENCE NATIONALE DE LA RECHERCHE (ANR);Public (France);https://ror.org/00rbzpz17;130002504;;https://anr.fr
I0011;AGENCE NATIONALE DE SECURITE DU MEDICAMENT ET DES PRODUITS DE SANTE (ANSM);Public (France);https://ror.org/01g80gk13;180036113;340003193;https://ansm.sante.fr
I0206;EUROPEAN COMMISSION RESEARCH;Public (Europe);https://ror.org/00k4n6c32;;;https://commission.europa.eu/index_en
I0173;CTRE RECHE ETUDES STRATEGIES TECHN POLYT (CREST);Public (France);https://ror.org/0449khs19;180089484;;https://crest.science
I0100;CENTRE DES SCIENCES DU GOUT ET DE L'ALIMENTATION;Public (France);https://ror.org/05s1rff82;;;https://csga.fr
I0446;UNIVERSITE PARIS DAUPHINE;Public (France);https://ror.org/052bz7812;197546922;;https://dauphine.psl.eu
I0272;INSTITUT DE RECHERCHE POUR LE DEVELOPPEMENT (IRD);Public (France);https://ror.org/05q3vnk25;180006025;;https://www.ird.fr/
I0243;GOUVERNEMENT NOUVELLE-CALEDONIE;Public (France);https://ror.org/0410wtw69;;;https://gouv.nc/#
I0390;RENAULT (FRANCE);Industrie;https://ror.org/04v98kq37;;;https://group.renault.com/en/
I0289;INSTITUT POUR L'AVANCEE DES BIOSCIENCES;Public (France);https://ror.org/05kwbf598;;;https://iab-grenoble.fr
I0274;INSTITUT DU CERVEAU ET DE LA MOELLE EPINIERE;Privé à but non lucratif;https://ror.org/050gn5214;501616122;;https://institutducerveau-icm.org
I0269;INSTITUT DE RECHERCHE BIO-MEDICALE ET D'EPIDEMIOLOGIE DU SPORT (IRMES);Public (France);https://ror.org/00dgdgj39;;;https://labos-recherche.insep.fr/fr/linstitut-de-recherche-bio-medicale-et-depidemiologie-du-sport
I0345;MOLOGIC;Industrie;https://ror.org/01ngsex56;;;https://mologic.co.uk/
I0343;MINISTERE DU TRAVAIL, DE LA SANTE, DES SOLIDARITES ET DES FAMILLES;Public (France);https://ror.org/01wp0c315;130016546;;https://solidarites-sante.gouv.fr/
I0583;FEDERAL UNIVERSITY OF RIO DE JANEIRO;Autre;https://ror.org/03490as77;;;https://ufrj.br
I0586;UNIVERSITE DE MONTPELLIER;Public (France);https://ror.org/051escj72;130029796;340023266;https://umontpellier.fr
I0445;UNIVERSITE PARIS CITE;Public (France);https://ror.org/05f82e368;130025737;750056061;https://u-paris.fr/en
I0458;WELLCOME TRUST;Autre;https://ror.org/029chgv08;;;https://wellcome.org
I0113;CENTRE HOSPITALIER NATIONAL D'OPHTALMOLOGIE QUINZE-VINGTS (CHNO XV XX);Public (France);https://ror.org/024v1ns19;180036014;750110025;https://www.15-20.fr
I0001;ABBOTT FRANCE;Industrie;https://ror.org/05wz8pk64;602950206;;https://www.abbott.fr/
I0282;INSTITUT NATIONAL DES SCIENCES ET INDUSTRIES DU VIVANT ET DE L'ENVIRONNEMENT (AGROPARISTECH);Public (France);https://ror.org/02kbmgc12;130002850;;https://www.agroparistech.fr
I0081;CAISSE NATIONALE DE L'ASSURANCE MALADIE (CNAM);Public (France);https://ror.org/03am7sg53;180035024;750073058;https://www.ameli.fr
I0012;AGENCE NATIONALE DE SECURITE SANITAIRE DE L ALIMENTATION DE L ENVIRONNEMENT ET DU TRAVAIL (ANSES);Public (France);https://ror.org/0471kz689;130012024;;https://www.anses.fr
I0066;AUTORITE DE SURETE NUCLEAIRE ET DE RADIOPROTECTION (ASNR);Public (France);https://ror.org/04dbtaf18;130001803;920043841;https://www.asnr.fr
I0064;ASTRAZENECA (FRANCE);Industrie;https://ror.org/016qv5070;558201075;;https://www.astrazeneca.fr/
I0146;CENTRE REGIONAL FRANCOIS BACLESSE;Privé à but non lucratif;https://ror.org/00mrq0n58;780709598;140000639;https://www.baclesse.lu/
I0237;GERMAN FEDERAL MINISTRY OF EDUCATION AND RESEARCH;Autre;https://ror.org/04pz7b180;;;https://www.bmbf.de
I0160;COMMISSARIAT A L' ENERGIE ATOMIQUE ET AUX ENERGIES ALTERNATIVES (CEA);Public (France);https://ror.org/00jjx8s55;775685019;750026668;https://www.cea.fr
I0098;CENTRE ANTOINE LACASSAGNE;Privé à but non lucratif;https://ror.org/05hmfw828;782596589;060780962;https://www.centreantoinelacassagne.org/
I0110;CENTRE HOSPITALIER INTERCOMMUNAL CRETEIL;Public (France);https://ror.org/04n1nkp35;269401154;940110018;https://www.chicreteil.fr
I0148;CHIESI (FRANCE);Industrie;https://ror.org/024njzv49;;;https://www.chiesi.fr/
I0112;CENTRE HOSPITALIER METROPOLE SAVOIE;Public (France);https://ror.org/01r35jx22;200050292;730000015;https://www.ch-metropole-savoie.fr
I0596;CENTRE HOSPITALIER DE PAU;Public (France);https://ror.org/01e6msy72;266405521;640781290;https://www.ch-pau.fr/
I0111;CENTRE HOSPITALIER INTERCOMMUNAL TOULON / LA SEYNE-SUR-MER;Public (France);https://ror.org/04wqvjr21;268300126;830100616;https://www.ch-toulon.fr/accueil-3.html
I0119;CENTRE HOSPITALIER UNIVERSITAIRE D'ANGERS;Public (France);https://ror.org/0250ngj72;264900036;490000031;https://www.chu-angers.fr
I0115;CENTRE HOSPITALIER REGIONAL ET UNIVERSITAIRE DE BREST (CHRU);Public (France);https://ror.org/03evbwn87;200023059;290000017;https://www.chu-brest.fr/
I0122;CENTRE HOSPITALIER UNIVERSITAIRE DE CLERMONT-FERRAND;Public (France);https://ror.org/02tcf7a68;266307461;630780989;https://www.chu-clermontferrand.fr/internet/default.aspx
I0123;CENTRE HOSPITALIER UNIVERSITAIRE DE DIJON;Public (France);https://ror.org/0377z4z10;262100076;210780581;https://www.chu-dijon.fr
I0136;CENTRE HOSPITALIER UNIVERSITAIRE POINTE-A-PITRE;Public (France);https://ror.org/04sfmcd28;269710414;970100228;https://www.chu-guadeloupe.fr/
I0127;CENTRE HOSPITALIER UNIVERSITAIRE DE LILLE (CHU);Public (France);https://ror.org/02ppyfa04;265906719;590780193;https://www.chu-lille.fr
I0258;HOSPICES CIVILS DE LYON (HCL);Public (France);https://ror.org/01502ca60;266900273;690781810;https://www.chu-lyon.fr
I0116;CENTRE HOSPITALIER REGIONAL ET UNIVERSITAIRE DE NANCY;Public (France);https://ror.org/016ncsr12;200042166;540023264;https://www.chu-nancy.fr
I0593;CENTRE HOSPITALIER UNIVERSITAIRE D ORLEANS (CHUO);Public (France);https://ror.org/04yvax419;264500091;450000088;https://www.chu-orleans.fr
I0137;CENTRE HOSPITALIER UNIVERSITAIRE REIMS (CHU);Public (France);https://ror.org/01jbb3w63;265100057;510000029;https://www.chu-reims.fr
I0138;CENTRE HOSPITALIER UNIVERSITAIRE ROUEN;Public (France);https://ror.org/04cdk4t75;267601680;760780239;https://www.chu-rouen.fr/
I0608;CHU SAINTE-JUSTINE;Autre;https://ror.org/01gv74p78;;;https://www.chusj.org/en/Home
I0291;INSTITUTS DE RECHERCHE EN SANTE DU CANADA;Autre;https://ror.org/01gavpb45;;;https://www.cihr-irsc.gc.ca
I0143;CENTRE NATIONAL DE LA RECHERCHE SCIENTIFIQUE (CNRS);Public (France);https://ror.org/02feahw73;180089013;;https://www.cnrs.fr
I0174;CTRE RECHERCHE NUTRITION HUMAINE RHONE-ALPES (CRNH RHONE-ALPES);Public (France);https://ror.org/02dgk8j41;180089526;;https://www.crnh-rhone-alpes.fr/
I0257;HOPITAL D'INSTRUCTION DES ARMEES BEGIN;Public (France);https://ror.org/035x96431;;;https://www.defense.gouv.fr/sante/sante-publique/hopitaux-militaires/begin-saint-mande-94
I0198;ELECTRICITE DE FRANCE (EDF);Industrie;https://ror.org/03wb8xz10;552081317;750073215;https://www.edf.fr/en/home
I0204;ETABLISSEMENT FRANCAIS DU SANG (EFS);Public (France);https://ror.org/037hby126;428822852;930019229;https://www.efs.sante.fr/
I0192;ECOLE DES HAUTES ETUDES EN SANTE PUBLIQUE (EHESP);Public (France);https://ror.org/01sc83v92;130003627;350000725;https://www.ehesp.fr
I0194;ECOLE NORMALE SUPERIEURE (ENS);Public (France);https://ror.org/05a0dhs15;197534597;;https://www.ens.psl.eu/
I0331;MINISTERE DE L’ENSEIGNEMENT SUPERIEUR, DE LA RECHERCHE ET DE L’ESPACE;Public (France);https://ror.org/03sjk9a61;110044013;;https://www.enseignementsup-recherche.gouv.fr
I0225;FONDATION FONDAMENTAL;Privé à but non lucratif;https://ror.org/00rrhf939;;;https://www.fondation-fondamental.org/
I0070;BILL & MELINDA GATES FOUNDATION-BMGF;Privé à but non lucratif;https://ror.org/0456r8d26;;;https://www.gatesfoundation.org
I0249;GROUPEMENT DES HOPITAUX DE L'INSTITUT CATHOLIQUE DE LILLE;Privé à but non lucratif;https://ror.org/03wr2ty35;753108950;590051801;https://www.ghicl.fr/
I0290;INSTITUT REGIONAL DU CANCER DE MONTPELLIER (ICM);Privé à but non lucratif;https://ror.org/02693j602;788214963;340780493;https://www.icm.unicancer.fr
I0283;INSTITUT NATIONAL D'ETUDES DEMOGRAPHIQUES (INED);Public (France);https://ror.org/02cnsac56;180037020;;https://www.ined.fr
I0281;INSTITUT NATIONAL DE RECHERCHE POUR L'AGRICULTURE L'ALIMENTATION ET L'ENVIRONNEMENT (INRAE);Public (France);https://ror.org/003vg9w96;180070039;;https://www.inrae.fr/
I0285;INSTITUT NATIONAL RECHERCHE SECURITE (INRS);Privé à but non lucratif;https://ror.org/01dg85j68;775671456;;https://www.inrs.fr
I0278;INSTITUT NATIONAL DE LA SANTE ET DE LA RECHERCHE MEDICALE (INSERM);Public (France);https://ror.org/02vjkv261;180036048;;https://www.inserm.fr
I0268;INSTITUT DE CANCEROLOGIE DE L OUEST (ICO);Privé à but non lucratif;https://ror.org/01m6as704;532254307;490017258;https://www.institut-cancerologie-ouest.com
I0057;ASSOCIATION INSTITUT DE MYOLOGIE (AIM);Privé à but non lucratif;https://ror.org/0270xt841;483754347;;https://www.institut-myologie.org
I0276;INSTITUT JEAN PAOLI & IRENE CALMETTES CENTRE REGIONAL DE LUTTE CONTRE LE CANCER;Privé à but non lucratif;https://ror.org/04s3t1g37;782921233;130784127;https://www.institutpaolicalmettes.fr
I0240;GIP INSTITUT DE RECHERCHE ET DOCUMENTATION EN ECONOMIE DE LA SANTE (IRDES);Public (France);https://ror.org/003k26w86;130021223;;https://www.irdes.fr/
I0271;INSTITUT DE RECHERCHE EN SANTE, ENVIRONNEMENT ET TRAVAIL (IRSET);Public (France);https://ror.org/01p178v10;;;https://www.irset.org/
I0297;JOHNSON & JOHNSON (FRANCE);Industrie;https://ror.org/00gfjrf11;;;https://www.jnj.com/france/overview
I0298;KANTAR FRANCE HOLDINGS;Industrie;https://ror.org/04ergcq69;853207918;;https://www.kantar.com
I0313;LIGUE NATIONALE CONTRE LE CANCER (LNCC);Privé à but non lucratif;https://ror.org/00rkrv905;775664717;;https://www.ligue-cancer.net/
I0319;LYSARC - THE LYMPHOMA ACADEMIC RESEARCH ORGANISATION;Privé à but non lucratif;https://ror.org/0106jdf02;432730919;;https://www.lysarc.org/
I0579;NEWCASTLE UNIVERSITY;Autre;https://ror.org/01kj2bm70;921399903;;https://www.ncl.ac.uk
I0580;NEW YORK UNIVERSITY;Autre;https://ror.org/0190ak572;894281583;;https://www.nyu.edu
I0029;AREVA;Industrie;https://ror.org/05ek91318;712054923;;https://www.orano.group/en
I0587;UNIVERSITE PARIS NANTERRE;Public (France);https://ror.org/013bkhk48;199212044;920025285;https://www.parisnanterre.fr
I0287;INSTITUT PASTEUR;Privé à but non lucratif;https://ror.org/0495fxg12;775684897;750804908;https://www.pasteur.fr
I0606;RESEAU NATIONAL SURVEILLANCE AEROBIOLOGI (RNSA);Privé à but non lucratif;https://ror.org/00b4tzx19;408900884;;https://www.pollens.fr/
I0387;REGISTRE DIALYSE PERITONEALE LANGUE FR (RDPLF);Privé à but non lucratif;https://ror.org/01vrww868;382831428;;https://www.rdplf.org
I0052;ASSOCIATION DE SOUTIEN A LA FILIALE D'IMAGERIE CARDIOVASCULAIRE DE LA SOCIETE FRANCAISE DE CARDIOLOGIE (ASFIC);Privé à but non lucratif;https://ror.org/03vqp1c86;411962640;;https://www.sfcardio.fr/
I0412;SORBONNE UNIVERSITE;Public (France);https://ror.org/02en5vm52;130023385;750062374;https://www.sorbonne-universite.fr
I0423;UNIVERSITE BOURGOGNE EUROPE;Public (France);https://ror.org/00g700j37;938230612;;https://www.ube.fr
I0426;UNIVERSITE DE BORDEAUX;Public (France);https://ror.org/057qpr032;130018351;330016809;https://www.u-bordeaux.fr
I0584;UNIVERSITE LAVAL;Autre;https://ror.org/04sjchr03;831483318;;https://www.ulaval.ca
I0444;UNIVERSITE MARIE ET LOUIS PASTEUR (UMLP);Public (France);https://ror.org/04asdee31;938106564;250001260;https://www.umlp.fr
I0427;UNIVERSITE DE CAEN NORMANDIE;Public (France);https://ror.org/051kpcy16;191414085;140025826;https://www.unicaen.fr
I0430;UNIVERSITE DE LIMOGES;Public (France);https://ror.org/02cp04407;198706699;870016136;https://www.unilim.fr
I0437;UNIVERSITE DE STRASBOURG;Public (France);https://ror.org/00pg6eq24;130005457;670795996;https://www.unistra.fr
I0432;UNIVERSITE DE LYON;Public (France);https://ror.org/01rk35k63;;;https://www.universite-lyon.fr
I0440;UNIVERSITE GRENOBLE ALPES;Public (France);https://ror.org/02rx3b187;130026081;380020461;https://www.univ-grenoble-alpes.fr
I0441;UNIVERSITE GUSTAVE EIFFEL;Public (France);https://ror.org/03x42jk29;130026123;;https://www.univ-gustave-eiffel.fr/
I0429;UNIVERSITE DE LILLE;Public (France);https://ror.org/02kzqn938;130029754;590006904;https://www.univ-lille.fr/home/
I0431;UNIVERSITE DE LORRAINE;Public (France);https://ror.org/04vfs2w97;130015506;540022902;https://www.univ-lorraine.fr
I0424;UNIVERSITE CLAUDE BERNARD LYON 1;Public (France);https://ror.org/029brtt94;196917744;690022991;https://www.univ-lyon1.fr
I0434;UNIVERSITE DE REIMS CHAMPAGNE-ARDENNE (URCA);Public (France);https://ror.org/03hypw319;195112966;510024920;https://www.univ-reims.fr
I0435;UNIVERSITE DE RENNES;Public (France);https://ror.org/015m7wh34;130030513;;https://www.univ-rennes.fr
I0436;UNIVERSITE DE ROUEN-NORMANDIE;Public (France);https://ror.org/03nhjew95;197619042;760024067;https://www.univ-rouen.fr
I0449;UNIVERSITE SORBONNE PARIS NORD;Public (France);https://ror.org/0199hds37;199312380;930014188;https://www.univ-spn.fr
I0442;UNIVERSITE JEAN MONNET (EPSCP);Public (France);https://ror.org/030bahv93;938501681;;https://www.univ-st-etienne.fr
I0588;UNIVERSITE TOULOUSE II;Public (France);https://ror.org/04ezk3x31;193113834;;https://www.univ-tlse2.fr/
I0438;UNIVERSITE DE TOULOUSE;Public (France);https://ror.org/01ahyrz84;938271392;;https://www.univ-tlse3.fr
I0439;UNIVERSITE DE TOURS;Public (France);https://ror.org/02wwzvj46;193708005;370013989;https://www.univ-tours.fr
I0582;UNIVERSIDAD DE ZARAGOZA;Autre;https://ror.org/012a91z28;;;https://www.unizar.es
I0447;UNIVERSITE PARIS EST CRETEIL VAL DE MARNE (UPEC);Public (France);https://ror.org/05ggc9x40;199411117;940024680;https://www.u-pec.fr
I0581;UNIVERSITE AMIENS PICARDIE JULES VERNE;Public (France);https://ror.org/01gyxrk03;198013443;800001489;https://www.u-picardie.fr/
I0611;UNIVERSITE DE TECHNOLOGIE DE TROYES (UTT);Public (France);https://ror.org/01qhqcj41;191010602;;https://www.utt.fr
